scenario,f_dominant,spectral_centroid,energy_total,energy_fault_band
sehat,50,399.69869062761,0.459452447210962,0.0128490909311699
fault,50,389.352257914418,0.504590702067815,0.0580687259787891
